date,Busan,Ulsan,Pohang,Pyeongtaek,Tongyeong,Taean,Jinhae ,Jeju,Janghang,Wando,Okpo,Okgye,Yeosu,Sokcho,Seogwipo,Samcheonpo,Samcheok,Boryeong,Mokpo,Masan,Eastsea,Daesan,Gunsan,Gwangyang,Gohyun
2000-01-01,0.0,0.0,0.0,0.0,0.0,0.0,0.0,0.0,0.0,0.0,0.0,0.0,0.0,0.0,0.0,0.0,0.0,0.0,0.0,0.0,0.0,0.0,0.0,0.0,0.0
2000-02-01,0.0,0.0,0.0,0.0,0.0,0.0,0.0,0.0,0.0,0.0,0.0,0.0,0.0,0.0,0.0,0.0,0.0,0.0,0.0,0.0,0.0,0.0,0.0,0.0,0.0
2000-03-01,0.0,0.0,0.0,0.0,0.0,0.0,0.0,0.0,0.0,0.0,0.0,0.0,0.0,0.0,0.0,0.0,0.0,0.0,0.0,0.0,0.0,0.0,0.0,0.0,0.0
2000-04-01,0.0,0.0,0.0,0.0,0.0,0.0,0.0,0.0,0.0,0.0,0.0,0.0,0.0,0.0,0.0,0.0,0.0,0.0,0.0,0.0,0.0,0.0,0.0,0.0,0.0
2000-05-01,0.0,0.0,0.0,0.0,0.0,0.0,0.0,0.0,0.0,0.0,0.0,0.0,0.0,0.0,0.0,0.0,0.0,0.0,0.0,0.0,0.0,0.0,0.0,0.0,0.0
2000-06-01,0.0,0.0,0.0,0.0,0.0,0.0,0.0,0.0,0.0,0.0,0.0,0.0,0.0,0.0,0.0,0.0,0.0,0.0,0.0,0.0,0.0,0.0,0.0,0.0,0.0
2000-07-01,0.0,0.0,0.0,0.0,0.0,0.0,0.0,0.0,0.0,0.0,0.0,0.0,0.0,0.0,0.0,0.0,0.0,0.0,0.0,0.0,0.0,0.0,0.0,0.0,0.0
2000-08-01,0.0,0.0,0.0,0.0,0.0,0.0,0.0,0.0,0.0,0.0,0.0,0.0,0.0,0.0,0.0,0.0,0.0,0.0,0.0,0.0,0.0,0.0,0.0,0.0,0.0
2000-09-01,0.0,0.0,0.0,0.0,0.0,0.0,0.0,0.0,0.0,0.0,0.0,0.0,0.0,0.0,0.0,0.0,0.0,0.0,0.0,0.0,0.0,0.0,0.0,0.0,0.0
2000-10-01,0.0,0.0,0.0,0.0,0.0,0.0,0.0,0.0,0.0,0.0,0.0,0.0,0.0,0.0,0.0,0.0,0.0,0.0,0.0,0.0,0.0,0.0,0.0,0.0,0.0
2000-11-01,0.0,0.0,0.0,0.0,0.0,0.0,0.0,0.0,0.0,0.0,0.0,0.0,0.0,0.0,0.0,0.0,0.0,0.0,0.0,0.0,0.0,0.0,0.0,0.0,0.0
2000-12-01,0.0,0.0,0.0,0.0,0.0,0.0,0.0,0.0,0.0,0.0,0.0,0.0,0.0,0.0,0.0,0.0,0.0,0.0,0.0,0.0,0.0,0.0,0.0,0.0,0.0
2001-01-01,1278101.0,1882207.0,926677.0,595907.0,9482.0,9132.0,26342.0,211328.0,23038.0,57168.0,79104.0,190591.0,219616.0,1945.0,82289.0,130345.0,316957.0,18440.0,330566.0,430019.0,738966.0,1582938.0,422569.0,2355696.0,53727.0
2001-02-01,1207035.0,1719793.0,955500.0,704343.0,10378.0,8151.0,27538.0,188797.0,28070.0,31694.0,108407.0,219702.0,56262.0,749.0,62748.0,97796.0,361319.0,6904.0,376868.0,443731.0,943873.0,1230174.0,382823.0,2354259.0,42987.0
2001-03-01,1339205.0,2036680.0,1127099.0,964777.0,20443.0,6547.0,26916.0,204382.0,51857.0,16116.0,108547.0,332251.0,69086.0,1493.0,44262.0,144270.0,559041.0,12773.0,410972.0,528839.0,1122125.0,1240565.0,427839.0,2449763.0,58816.0
2001-04-01,1240724.0,1827967.0,1238945.0,1194588.0,11567.0,10837.0,26873.0,195651.0,60687.0,7131.0,99374.0,405553.0,81742.0,799.0,27680.0,134405.0,593795.0,9368.0,418874.0,567193.0,1292513.0,1145778.0,445196.0,2609137.0,50597.0
2001-05-01,1245387.0,1981241.0,1173381.0,938822.0,5639.0,10829.0,27724.0,178499.0,62974.0,9858.0,109055.0,420297.0,81063.0,2293.0,24393.0,159590.0,638828.0,7666.0,459708.0,600103.0,1300177.0,1022757.0,465349.0,2485235.0,57488.0
2001-06-01,1298495.0,1980572.0,1139032.0,1093289.0,8316.0,9040.0,45291.0,181990.0,57649.0,5633.0,108285.0,398108.0,82072.0,2610.0,27876.0,194252.0,533860.0,9842.0,491071.0,553668.0,1295030.0,854512.0,450448.0,2459575.0,62955.0
2001-07-01,1220455.0,1693576.0,1106179.0,943709.0,6435.0,6597.0,35595.0,174633.0,48571.0,6349.0,102709.0,351765.0,87829.0,2874.0,24249.0,225527.0,590371.0,10406.0,407797.0,491030.0,1143896.0,946373.0,351585.0,2391381.0,45713.0
2001-08-01,1193745.0,1721367.0,1167238.0,1009282.0,10306.0,14089.0,43233.0,181687.0,60278.0,7086.0,88890.0,387120.0,75831.0,3029.0,26423.0,168921.0,530644.0,9200.0,370006.0,511198.0,1190786.0,762626.0,376034.0,2417447.0,65596.0
2001-09-01,1180215.0,1685399.0,1160471.0,1121977.0,7759.0,8650.0,45781.0,208921.0,54514.0,4615.0,133927.0,377363.0,88664.0,2619.0,24258.0,214148.0,631520.0,8140.0,506893.0,538602.0,1217892.0,875059.0,389289.0,2466899.0,93411.0
2001-10-01,1255619.0,1931638.0,1097125.0,1087765.0,8198.0,41694.0,34542.0,219575.0,51133.0,19997.0,116945.0,388024.0,93724.0,1756.0,41890.0,199539.0,601934.0,8806.0,435193.0,513292.0,1095610.0,998168.0,403449.0,2332462.0,115917.0
2001-11-01,1307645.0,1856369.0,1177045.0,1046049.0,8303.0,11118.0,42353.0,263117.0,59807.0,52219.0,111226.0,393181.0,120812.0,1918.0,81117.0,213146.0,613994.0,7145.0,552711.0,625493.0,1293795.0,892140.0,441375.0,2675295.0,97245.0
2001-12-01,1332647.0,1929949.0,1185800.0,1187500.0,9485.0,14867.0,88343.0,255335.0,44197.0,57635.0,119669.0,440277.0,121673.0,1706.0,100497.0,224339.0,594768.0,8889.0,687150.0,659125.0,1243106.0,950396.0,492328.0,2645967.0,131585.0
2002-01-01,1391008.0,1904595.0,1053957.0,850585.0,11098.0,13324.0,49674.0,260648.0,21167.0,48840.0,114404.0,371860.0,94963.0,2104.0,94646.0,205694.0,394769.0,11127.0,692372.0,555870.0,983157.0,798855.0,460897.0,2918162.0,121098.0
2002-02-01,1198446.0,1763394.0,929300.0,909865.0,8034.0,10297.0,42487.0,215067.0,21442.0,38541.0,99163.0,312076.0,75971.0,1351.0,68096.0,192895.0,436959.0,11227.0,519375.0,518442.0,973903.0,984731.0,354619.0,2412192.0,78879.0
2002-03-01,1236788.0,1853922.0,1205119.0,985660.0,8450.0,9938.0,26956.0,219256.0,36496.0,14603.0,111221.0,432946.0,116126.0,1508.0,42823.0,196457.0,585579.0,5046.0,649938.0,607293.0,1194571.0,805016.0,448344.0,2661841.0,98996.0
2002-04-01,2019847.0,1802481.0,1223694.0,871458.0,4291.0,11931.0,28545.0,194175.0,40275.0,10885.0,113418.0,441951.0,91573.0,4066.0,24655.0,206183.0,631228.0,6816.0,651136.0,584771.0,1271782.0,801354.0,391006.0,2384380.0,106745.0
2002-05-01,1126764.0,1866822.0,1149384.0,1270142.0,4927.0,11981.0,36065.0,219967.0,52416.0,8371.0,110637.0,446115.0,105787.0,1224.0,22602.0,252575.0,651011.0,11801.0,698095.0,590741.0,1204177.0,581043.0,426806.0,2509563.0,89809.0
2002-06-01,1215224.0,1670539.0,1107103.0,1106007.0,3989.0,13197.0,23397.0,211070.0,29474.0,7837.0,117427.0,362881.0,94121.0,2116.0,20121.0,231732.0,617452.0,14029.0,601970.0,575554.0,1227869.0,708814.0,411720.0,2451133.0,119043.0
2002-07-01,1106110.0,1537428.0,1055331.0,1030837.0,7470.0,14058.0,25071.0,169144.0,37896.0,40258.0,88543.0,375224.0,285905.0,18100.0,15278.0,192651.0,576357.0,9918.0,675962.0,493898.0,1194887.0,398574.0,378788.0,2237527.0,87514.0
2002-08-01,1099812.0,1604630.0,1011819.0,935126.0,8661.0,7598.0,12308.0,166984.0,51623.0,11671.0,84249.0,346759.0,206356.0,4135.0,22408.0,177578.0,534234.0,13277.0,496802.0,490491.0,1030719.0,408234.0,376565.0,2155682.0,97038.0
2002-09-01,1182565.0,1757443.0,1161736.0,971707.0,7234.0,13955.0,10925.0,166387.0,49845.0,7200.0,102201.0,408271.0,215440.0,2914.0,16506.0,151799.0,583153.0,9401.0,422363.0,534045.0,1022556.0,436464.0,474286.0,2341120.0,99097.0
2002-10-01,1275724.0,1813134.0,1115592.0,1009899.0,7814.0,16130.0,8279.0,199806.0,49971.0,18030.0,111383.0,442134.0,348461.0,2846.0,32438.0,85011.0,668872.0,13596.0,427120.0,611311.0,1323871.0,502320.0,417553.0,2387317.0,103729.0
2002-11-01,1271393.0,1909481.0,1102822.0,0.0,7041.0,12765.0,2187.0,230084.0,44129.0,48741.0,99326.0,443890.0,337851.0,1559.0,84560.0,106095.0,640702.0,15308.0,395052.0,673927.0,1482299.0,599424.0,492127.0,2388119.0,104857.0
2002-12-01,1292810.0,1950303.0,1098590.0,1219725.0,12052.0,11930.0,13936.0,265864.0,54700.0,58111.0,103456.0,419481.0,252854.0,92561.0,97312.0,112733.0,590215.0,23956.0,421783.0,686767.0,1217032.0,697448.0,536222.0,2841759.0,82492.0
2003-01-01,1439515.0,1954408.0,1101496.0,1121530.0,8620.0,12615.0,14105.0,250099.0,18646.0,56829.0,107472.0,269940.0,458532.0,1551.0,85413.0,75327.0,530510.0,26168.0,377032.0,609854.0,1167303.0,774022.0,490985.0,2667968.0,98204.0
2003-02-01,1160333.0,1829839.0,948336.0,1068057.0,7536.0,13368.0,13456.0,223242.0,45348.0,27631.0,78262.0,370071.0,155475.0,1698.0,77485.0,63897.0,456643.0,36935.0,379391.0,539285.0,929903.0,674925.0,384733.0,2480485.0,109668.0
2003-03-01,1363158.0,1838304.0,1203981.0,1292420.0,7426.0,12346.0,2691.0,252409.0,58715.0,20915.0,93950.0,471312.0,132462.0,1675.0,43130.0,84778.0,622459.0,8364.0,457780.0,631925.0,1298987.0,829164.0,453401.0,2831457.0,115519.0
2003-04-01,1249382.0,1667510.0,1275225.0,1066774.0,2972.0,12617.0,4109.0,219514.0,50856.0,7965.0,87907.0,441121.0,170447.0,1566.0,18344.0,72045.0,589394.0,10906.0,428070.0,539131.0,1411471.0,606582.0,431494.0,2759104.0,87328.0
2003-05-01,1205069.0,1701241.0,1140535.0,971023.0,7356.0,11140.0,4678.0,201055.0,60906.0,6999.0,95368.0,429531.0,230809.0,1140.0,13987.0,62569.0,579928.0,9288.0,402256.0,569568.0,1311439.0,584262.0,426373.0,2790826.0,81616.0
2003-06-01,1262713.0,1756731.0,1186420.0,936019.0,7899.0,15742.0,11751.0,200282.0,69459.0,4877.0,106687.0,477755.0,206628.0,3332.0,56124.0,40495.0,595313.0,5151.0,431454.0,569595.0,1269991.0,709499.0,437415.0,2621518.0,97350.0
2003-07-01,1170758.0,1869317.0,979332.0,946303.0,9141.0,14881.0,3685.0,197914.0,67992.0,3746.0,88365.0,420220.0,156088.0,2713.0,48016.0,90572.0,583665.0,7650.0,389084.0,499801.0,1268339.0,709993.0,463794.0,2664386.0,83798.0
2003-08-01,1226571.0,1644277.0,1011653.0,847618.0,11063.0,9412.0,3747.0,193852.0,72131.0,5568.0,85903.0,445977.0,173027.0,2614.0,45324.0,84628.0,596569.0,5145.0,381873.0,575509.0,1234232.0,647356.0,526208.0,2891367.0,112958.0
2003-09-01,1195053.0,1622367.0,1032455.0,803276.0,7436.0,11053.0,3735.0,193448.0,99384.0,4071.0,80368.0,369442.0,205747.0,3276.0,13793.0,70913.0,511680.0,6652.0,353543.0,512614.0,1100673.0,731860.0,515163.0,2728522.0,88814.0
2003-10-01,1403628.0,1884543.0,1124114.0,1151478.0,10045.0,14107.0,6450.0,237829.0,108777.0,19555.0,85091.0,463496.0,96690.0,37339.0,40150.0,57837.0,688836.0,12255.0,400816.0,614847.0,1382255.0,974820.0,581443.0,2971364.0,134541.0
2003-11-01,1300613.0,1728363.0,981871.0,1273965.0,9248.0,12524.0,3716.0,217826.0,102996.0,55582.0,93105.0,430525.0,221331.0,4064.0,73874.0,61200.0,619260.0,9628.0,427016.0,558337.0,1238048.0,744281.0,544269.0,3192570.0,123800.0
2003-12-01,1284916.0,1874498.0,1048889.0,1115299.0,9567.0,19537.0,2520.0,242728.0,129447.0,66914.0,79320.0,433371.0,261525.0,1460.0,103078.0,116549.0,620261.0,11210.0,459453.0,612662.0,1296885.0,747785.0,565434.0,3246008.0,131969.0
2004-01-01,1343649.0,1956283.0,951084.0,926978.0,9028.0,20674.0,4625.0,239903.0,82303.0,58020.0,67705.0,367046.0,170018.0,2399.0,75613.0,109007.0,449200.0,19719.0,369073.0,581521.0,1097443.0,842287.0,489318.0,2857335.0,120928.0
2004-02-01,1244930.0,1757878.0,951984.0,671495.0,5521.0,15677.0,11109.0,210387.0,51532.0,27924.0,87490.0,328388.0,159331.0,175.0,41592.0,123997.0,475373.0,10713.0,304984.0,500946.0,1008816.0,689720.0,425259.0,2493065.0,110493.0
2004-03-01,1192385.0,1818968.0,1145224.0,445253.0,8412.0,8385.0,28225.0,188876.0,39826.0,14576.0,96342.0,392095.0,162423.0,970.0,39157.0,137014.0,632472.0,16594.0,331029.0,637288.0,1327914.0,843222.0,482942.0,2850432.0,125499.0
2004-04-01,1165847.0,1965239.0,1080068.0,514350.0,4847.0,15754.0,3596.0,200353.0,48035.0,3436.0,94887.0,445839.0,94459.0,628.0,21210.0,90444.0,611995.0,11621.0,319081.0,594393.0,1241790.0,742147.0,653070.0,2564628.0,120719.0
2004-05-01,1033104.0,1881944.0,1120701.0,934958.0,7411.0,16794.0,4844.0,170877.0,63042.0,5273.0,79660.0,416004.0,87130.0,3041.0,17921.0,109198.0,613884.0,64270.0,322689.0,607123.0,1224417.0,654153.0,472522.0,2631769.0,146700.0
2004-06-01,1152690.0,1828906.0,1060885.0,775064.0,3536.0,8714.0,5649.0,174185.0,134096.0,3181.0,102494.0,432600.0,73160.0,1692.0,16558.0,165948.0,556703.0,192024.0,372704.0,597293.0,1164567.0,700910.0,486540.0,2847162.0,146772.0
2004-07-01,1123550.0,1769996.0,1052079.0,916628.0,8186.0,14743.0,5165.0,191990.0,123324.0,5224.0,106344.0,359623.0,129891.0,2274.0,22817.0,69393.0,509987.0,167813.0,306026.0,534812.0,1198046.0,706311.0,440990.0,2670049.0,102228.0
2004-08-01,1015515.0,1438166.0,974274.0,363072.0,13572.0,24083.0,4327.0,154912.0,46270.0,7985.0,76504.0,301532.0,63945.0,1590.0,14118.0,104479.0,421726.0,16521.0,225025.0,492283.0,1020924.0,702797.0,341501.0,2545380.0,110751.0
2004-09-01,1092007.0,1668357.0,1045075.0,285998.0,6438.0,17996.0,3890.0,128884.0,33038.0,8208.0,111421.0,316397.0,77439.0,1652.0,7827.0,69764.0,505423.0,17983.0,304822.0,559194.0,1091646.0,567552.0,398862.0,2387097.0,108705.0
2004-10-01,1164368.0,1772283.0,1050697.0,307887.0,8899.0,16711.0,4924.0,152722.0,59433.0,17336.0,86307.0,343398.0,77287.0,1846.0,29447.0,132084.0,500871.0,21476.0,346685.0,568844.0,1138618.0,854449.0,391574.0,3123212.0,105683.0
2004-11-01,1174205.0,1964350.0,1103775.0,393089.0,7608.0,16814.0,3590.0,172836.0,65751.0,55643.0,95802.0,402377.0,87811.0,913.0,59184.0,127711.0,625040.0,14024.0,334526.0,654144.0,1153374.0,869990.0,410745.0,2927610.0,119281.0
2004-12-01,1254401.0,2021159.0,1103241.0,712076.0,11789.0,18558.0,5347.0,195102.0,62064.0,66479.0,104503.0,375672.0,80097.0,1988.0,85669.0,92380.0,615201.0,17165.0,392268.0,679354.0,1206640.0,896324.0,420634.0,3265559.0,72438.0
2005-01-01,1231293.0,2039422.0,1041910.0,897802.0,5287.0,15926.0,2559.0,183081.0,117258.0,50704.0,121382.0,314870.0,104347.0,513.0,77296.0,131541.0,397037.0,16591.0,312145.0,606607.0,982580.0,1143180.0,460811.0,3265615.0,99171.0
2005-02-01,990005.0,1657591.0,989938.0,792650.0,7514.0,12143.0,2261.0,147950.0,60363.0,29847.0,95010.0,221503.0,53536.0,1058.0,34731.0,100797.0,254072.0,15380.0,245499.0,456154.0,851182.0,970521.0,378535.0,2813941.0,73975.0
2005-03-01,1156043.0,1961312.0,1144587.0,1007026.0,8601.0,13498.0,5748.0,205064.0,137301.0,15103.0,116386.0,368171.0,59314.0,2174.0,29361.0,102913.0,500877.0,18161.0,327973.0,641613.0,962884.0,816900.0,498669.0,3050246.0,97448.0
2005-04-01,1127837.0,1886788.0,1046575.0,876539.0,4684.0,22556.0,5767.0,169655.0,194520.0,4459.0,110694.0,396356.0,68532.0,1506.0,25427.0,144361.0,566578.0,14811.0,331897.0,617163.0,1124027.0,813418.0,505146.0,3272898.0,131292.0
2005-05-01,1127721.0,1885174.0,1116502.0,761545.0,5250.0,13588.0,9518.0,170580.0,131248.0,4102.0,101814.0,438342.0,74023.0,2309.0,13954.0,89487.0,515513.0,13859.0,340410.0,654284.0,1118227.0,780974.0,435481.0,3075397.0,83864.0
2005-06-01,1098767.0,1794968.0,1148067.0,331403.0,11291.0,19396.0,10697.0,139619.0,47866.0,4356.0,100892.0,407690.0,63230.0,3783.0,20729.0,158088.0,492686.0,15774.0,383907.0,583674.0,1169349.0,791187.0,336236.0,3245010.0,85982.0
2005-07-01,1078008.0,1762917.0,965368.0,390473.0,12531.0,18427.0,11973.0,120712.0,44935.0,8384.0,106831.0,409843.0,76939.0,2920.0,6772.0,134420.0,444657.0,10359.0,348233.0,509988.0,911083.0,667169.0,322221.0,2624584.0,92231.0
2005-08-01,1056190.0,1661439.0,972838.0,456690.0,4652.0,18067.0,10086.0,140573.0,53491.0,2587.0,102514.0,395395.0,104594.0,1487.0,6714.0,123200.0,401939.0,15198.0,293275.0,490271.0,947771.0,680641.0,345662.0,2592553.0,65901.0
2005-09-01,982727.0,1593030.0,967922.0,350755.0,10078.0,20017.0,9657.0,121612.0,85037.0,35073.0,93738.0,368542.0,78290.0,2923.0,10418.0,146950.0,394120.0,11812.0,294795.0,526864.0,942021.0,708394.0,362888.0,2565501.0,93869.0
2005-10-01,1180202.0,1898280.0,1039501.0,452950.0,6649.0,20195.0,10235.0,154042.0,81377.0,47771.0,110055.0,425174.0,85962.0,2203.0,19910.0,138429.0,500851.0,10337.0,325185.0,563585.0,1060667.0,848829.0,412169.0,2902001.0,119422.0
2005-11-01,1148263.0,1859050.0,1110296.0,743620.0,5040.0,22243.0,14780.0,152938.0,112632.0,40864.0,97017.0,446355.0,259656.0,8594.0,66754.0,79933.0,508998.0,13032.0,385503.0,594933.0,1030140.0,784059.0,512368.0,2584396.0,138335.0
2005-12-01,1131607.0,1842863.0,1001694.0,734834.0,7222.0,14149.0,17164.0,179976.0,70401.0,60604.0,125527.0,428521.0,97316.0,2189.0,79138.0,77457.0,447222.0,12551.0,386941.0,649544.0,863909.0,903732.0,417655.0,2739844.0,106857.0
2006-01-01,1167359.0,1932892.0,1027215.0,729731.0,9812.0,15770.0,10228.0,176331.0,31915.0,49960.0,102417.0,368691.0,54614.0,2467.0,63725.0,84939.0,408314.0,42070.0,353972.0,523723.0,863665.0,929391.0,461646.0,2929795.0,103681.0
2006-02-01,968153.0,1716952.0,890068.0,518525.0,4758.0,18477.0,14754.0,150279.0,67672.0,26745.0,112730.0,299220.0,52435.0,775.0,47859.0,94815.0,307271.0,17741.0,315657.0,434419.0,784937.0,727765.0,357005.0,2746894.0,102214.0
2006-03-01,1047857.0,1927743.0,1024710.0,570651.0,7694.0,19057.0,22677.0,172400.0,115806.0,19422.0,91414.0,447975.0,54033.0,3100.0,35156.0,74922.0,530656.0,12364.0,394982.0,522069.0,1096027.0,875646.0,402729.0,2910132.0,110977.0
2006-04-01,1040251.0,1830256.0,1054272.0,558603.0,5899.0,15821.0,15899.0,177659.0,108995.0,4614.0,98453.0,400008.0,65606.0,1771.0,16085.0,82634.0,533587.0,12359.0,466841.0,444389.0,1064238.0,923666.0,468381.0,3076377.0,97530.0
2006-05-01,929357.0,1799204.0,1075641.0,644722.0,5819.0,18232.0,13683.0,157505.0,67295.0,1825.0,102773.0,459983.0,72134.0,1984.0,32902.0,76294.0,587165.0,12144.0,400378.0,484022.0,1115614.0,926799.0,458615.0,3341897.0,106773.0
2006-06-01,1009566.0,1995491.0,1031205.0,725270.0,9094.0,16673.0,25316.0,168875.0,85761.0,1629.0,118991.0,495641.0,71511.0,2711.0,25561.0,82851.0,530560.0,11194.0,388777.0,506882.0,1117896.0,848867.0,440358.0,2739973.0,113700.0
2006-07-01,901053.0,1571009.0,958863.0,338486.0,8750.0,14946.0,21190.0,111749.0,89889.0,1825.0,104297.0,419650.0,75787.0,1225.0,4506.0,73812.0,390510.0,10712.0,256948.0,430190.0,836225.0,712160.0,283055.0,3120754.0,79052.0
2006-08-01,946112.0,1738439.0,988275.0,379683.0,9975.0,18332.0,28700.0,142490.0,87156.0,2529.0,113127.0,431787.0,66843.0,993.0,7804.0,84363.0,486813.0,14077.0,342508.0,463982.0,983106.0,831836.0,348023.0,2857038.0,101387.0
2006-09-01,977258.0,1822156.0,928894.0,401038.0,7399.0,20120.0,26995.0,124136.0,69943.0,1919.0,118638.0,462889.0,149423.0,3561.0,5790.0,79429.0,502370.0,17429.0,417640.0,515647.0,1003367.0,788405.0,448931.0,2789753.0,91233.0
2006-10-01,981643.0,1958784.0,1040654.0,359161.0,9583.0,15677.0,27165.0,147740.0,91508.0,11075.0,118232.0,449033.0,129985.0,1632.0,21912.0,88030.0,544406.0,9491.0,329696.0,549769.0,1144608.0,885026.0,386362.0,3092206.0,94566.0
2006-11-01,1005649.0,1721036.0,1066002.0,414269.0,10603.0,14061.0,31350.0,145927.0,77244.0,42372.0,118886.0,418179.0,74665.0,3056.0,52008.0,89407.0,571047.0,16204.0,348210.0,573496.0,1159363.0,927058.0,355818.0,2771096.0,122052.0
2006-12-01,1088648.0,2069052.0,1037588.0,527510.0,11192.0,17197.0,26427.0,188915.0,72594.0,54358.0,121378.0,415569.0,134956.0,2154.0,70738.0,94171.0,594980.0,18906.0,334599.0,628525.0,1225302.0,1001090.0,354159.0,3081797.0,108727.0
2007-01-01,1001094.0,1969619.0,1138184.0,429254.0,9412.0,18341.0,27714.0,171726.0,67649.0,40439.0,127935.0,339888.0,92118.0,1818.0,51197.0,104942.0,530095.0,21637.0,743237.0,572540.0,1069726.0,915115.0,425840.0,2708299.0,133264.0
2007-02-01,809076.0,1599166.0,962374.0,449748.0,11579.0,21166.0,19630.0,139655.0,52947.0,25380.0,97361.0,265805.0,149550.0,1742.0,35637.0,89979.0,391411.0,16111.0,518034.0,497281.0,943562.0,815207.0,311739.0,2544292.0,113769.0
2007-03-01,936836.0,1778960.0,1064778.0,454411.0,9010.0,16960.0,28342.0,188499.0,84994.0,8837.0,118117.0,342521.0,104023.0,2363.0,24205.0,85185.0,567738.0,28894.0,633845.0,549396.0,1045587.0,943593.0,402750.0,2952905.0,135468.0
2007-04-01,829497.0,1930208.0,992437.0,428500.0,4654.0,19039.0,31696.0,186958.0,98504.0,5575.0,118465.0,430748.0,61512.0,1244.0,29237.0,115024.0,498162.0,15246.0,819510.0,601920.0,1131328.0,884890.0,404423.0,2714458.0,115220.0
2007-05-01,862622.0,1957578.0,1038093.0,541705.0,5428.0,22259.0,78603.0,167148.0,124122.0,5260.0,99503.0,478674.0,178738.0,2687.0,17810.0,93049.0,562537.0,6978.0,707141.0,563383.0,1063123.0,857180.0,338893.0,3161414.0,116236.0
2007-06-01,916846.0,1950784.0,1021296.0,554613.0,6435.0,22824.0,24791.0,145464.0,123266.0,2439.0,91479.0,472224.0,122759.0,2028.0,13816.0,75585.0,561028.0,17357.0,756830.0,534795.0,1089535.0,1043127.0,353009.0,3017730.0,130256.0
2007-07-01,963860.0,1809189.0,978251.0,466753.0,5981.0,20519.0,83317.0,128422.0,69022.0,2762.0,90608.0,393484.0,92005.0,2381.0,14505.0,86037.0,515924.0,12894.0,841481.0,455378.0,1108428.0,862700.0,341039.0,2803775.0,130301.0
2007-08-01,821950.0,1665732.0,974437.0,432760.0,4305.0,23319.0,30970.0,143564.0,107753.0,2680.0,84209.0,424545.0,99197.0,1166.0,14972.0,90963.0,468708.0,12807.0,718488.0,476566.0,1013941.0,745094.0,417416.0,2620454.0,123117.0
2007-09-01,1319278.0,1502890.0,981018.0,286874.0,7732.0,21805.0,31421.0,150690.0,80749.0,310252.0,67488.0,368272.0,144176.0,2764.0,10836.0,81926.0,444744.0,17840.0,1147384.0,442768.0,961444.0,685316.0,340276.0,2699812.0,116657.0
2007-10-01,990604.0,1814784.0,1007623.0,406882.0,9489.0,22250.0,42966.0,186461.0,72869.0,143284.0,100728.0,475724.0,121734.0,3130.0,26615.0,92999.0,584999.0,17107.0,749547.0,497598.0,1209685.0,917314.0,371740.0,3087859.0,168087.0
2007-11-01,949255.0,1752746.0,1025575.0,503759.0,9180.0,25642.0,12738.0,206680.0,79128.0,21728.0,95412.0,480264.0,160687.0,2099.0,35819.0,84751.0,615899.0,13659.0,915634.0,504034.0,1236266.0,875694.0,353618.0,2949417.0,148982.0
2007-12-01,1033956.0,1863422.0,1026894.0,450260.0,7052.0,21397.0,28070.0,186770.0,54527.0,24950.0,90977.0,502473.0,205937.0,1923.0,45123.0,109007.0,577825.0,13973.0,978723.0,527848.0,1218918.0,892926.0,356345.0,3013105.0,137130.0
2008-01-01,1046268.0,1848709.0,1027963.0,498195.0,9874.0,31705.0,46598.0,208802.0,33303.0,29349.0,115193.0,322300.0,159142.0,817.0,53051.0,84928.0,491926.0,19434.0,985566.0,1176131.0,1017550.0,1159407.0,345747.0,2810765.0,151729.0
2008-02-01,954888.0,1578550.0,1068850.0,413611.0,4573.0,25881.0,55451.0,181372.0,44844.0,14007.0,83064.0,343179.0,67662.0,544.0,22726.0,76617.0,398724.0,14506.0,743467.0,850051.0,998995.0,931036.0,303460.0,2546695.0,134126.0
2008-03-01,991880.0,1718968.0,1224185.0,471598.0,12097.0,22664.0,54040.0,179230.0,80357.0,9423.0,111729.0,443350.0,81287.0,2633.0,21244.0,77660.0,605754.0,18710.0,825108.0,711646.0,1226290.0,1004862.0,412268.0,3167632.0,193268.0
2008-04-01,937542.0,1739349.0,1165754.0,497904.0,6240.0,24194.0,47428.0,170634.0,104248.0,3947.0,92753.0,430561.0,81927.0,939.0,15518.0,85785.0,618690.0,15450.0,865334.0,668782.0,1188559.0,856771.0,336916.0,2931084.0,150676.0
2008-05-01,923251.0,1621367.0,1195544.0,555078.0,8196.0,27298.0,64647.0,150689.0,114050.0,3288.0,123113.0,493041.0,79285.0,2591.0,11993.0,89565.0,659666.0,18182.0,790851.0,770102.0,1113446.0,795713.0,364197.0,2920106.0,199145.0
2008-06-01,985934.0,1562058.0,1083465.0,477321.0,5763.0,21512.0,34272.0,125408.0,94831.0,4878.0,118971.0,424333.0,64504.0,1863.0,8172.0,77425.0,518589.0,13209.0,737627.0,719348.0,1080203.0,1098360.0,334817.0,2394670.0,224731.0
2008-07-01,1010423.0,2021923.0,1142050.0,474114.0,10175.0,30367.0,35259.0,135054.0,56093.0,1910.0,114092.0,364919.0,61075.0,190.0,8083.0,100264.0,610602.0,20025.0,818764.0,749180.0,1114155.0,889414.0,336382.0,2627146.0,199813.0
2008-08-01,939463.0,1682376.0,1095754.0,436168.0,9542.0,26661.0,18728.0,137897.0,32905.0,1260.0,89624.0,360665.0,80324.0,0.0,4198.0,100568.0,491394.0,24138.0,819002.0,804352.0,1105214.0,1195382.0,414971.0,2627281.0,209268.0
2008-09-01,972021.0,1709922.0,1052501.0,497081.0,11859.0,27330.0,155356.0,133817.0,74198.0,1624.0,108100.0,375014.0,63959.0,2230.0,13491.0,128856.0,536428.0,18807.0,804780.0,520266.0,1172603.0,1179798.0,355476.0,2714360.0,163137.0
2008-10-01,974082.0,1657143.0,1036050.0,569106.0,16556.0,25075.0,149852.0,147565.0,162324.0,10053.0,119386.0,467914.0,69260.0,2022.0,16783.0,151602.0,655220.0,20273.0,986054.0,601971.0,1194660.0,1205332.0,467069.0,2261162.0,242102.0
2008-11-01,1070308.0,1642729.0,910374.0,528007.0,25276.0,19318.0,131142.0,149873.0,103850.0,31295.0,116919.0,444728.0,75428.0,1455.0,40932.0,138942.0,598476.0,22046.0,818298.0,630809.0,1268732.0,1006554.0,371627.0,2436050.0,287881.0
2008-12-01,973063.0,1926845.0,914796.0,507350.0,22571.0,23587.0,101173.0,190311.0,142355.0,45544.0,178809.0,451093.0,84189.0,1643.0,56630.0,83623.0,541162.0,19864.0,1011016.0,662279.0,1256643.0,1269684.0,384229.0,2421146.0,303902.0
2009-01-01,954082.0,2038243.0,784743.0,348514.0,23689.0,23499.0,50628.0,163484.0,62653.0,44317.0,126001.0,287798.0,79889.0,1206.0,48077.0,85129.0,344389.0,17260.0,764682.0,541703.0,859909.0,817655.0,368778.0,2015860.0,225956.0
2009-02-01,913936.0,1920444.0,731387.0,325760.0,21914.0,24833.0,71419.0,143690.0,73770.0,24433.0,118394.0,391016.0,62382.0,1189.0,33626.0,63194.0,445506.0,18494.0,814946.0,521915.0,1019018.0,857239.0,406389.0,1915995.0,233269.0
2009-03-01,933321.0,1907484.0,784327.0,474442.0,28385.0,21494.0,72886.0,157400.0,111963.0,15888.0,85907.0,443792.0,59984.0,2250.0,26743.0,99555.0,533176.0,19807.0,920480.0,638111.0,1063030.0,810107.0,493176.0,2073520.0,256065.0
2009-04-01,893207.0,1830405.0,804844.0,535523.0,27125.0,24769.0,74752.0,165430.0,121436.0,11512.0,100692.0,552916.0,66818.0,2579.0,20311.0,87747.0,600000.0,18908.0,1033536.0,665055.0,1105940.0,1038071.0,526756.0,2094557.0,226394.0
2009-05-01,919015.0,1833006.0,863708.0,499584.0,33014.0,24031.0,63844.0,142881.0,112041.0,6791.0,83508.0,537429.0,58466.0,2395.0,14518.0,179937.0,562862.0,32867.0,1161683.0,632946.0,1311573.0,1277906.0,556196.0,2334663.0,274622.0
2009-06-01,927560.0,1844535.0,915699.0,244914.0,59882.0,20615.0,79371.0,139887.0,68038.0,6228.0,71168.0,512150.0,58184.0,3404.0,11473.0,120798.0,536550.0,32123.0,775057.0,634996.0,1204115.0,1287290.0,531486.0,2067698.0,358913.0
2009-07-01,857665.0,1873859.0,842933.0,547333.0,36732.0,24286.0,72335.0,149837.0,66087.0,1086.0,74042.0,452625.0,73260.0,1038.0,10510.0,102593.0,472764.0,20827.0,1001766.0,584079.0,1033084.0,1215648.0,454908.0,2076025.0,343607.0
2009-08-01,858530.0,1866480.0,833187.0,436154.0,28729.0,29502.0,80221.0,155622.0,49636.0,1592.0,62856.0,438208.0,60935.0,2403.0,19103.0,99327.0,449116.0,39673.0,917364.0,622368.0,1063883.0,1091221.0,452643.0,2094882.0,250668.0
2009-09-01,884159.0,1819813.0,871095.0,417379.0,30781.0,24539.0,91004.0,176896.0,68274.0,3172.0,87706.0,474055.0,64529.0,2176.0,26356.0,90244.0,565369.0,28746.0,924414.0,663512.0,1309620.0,1248690.0,458700.0,2435119.0,266623.0
2009-10-01,919744.0,1799140.0,889864.0,387356.0,38995.0,25403.0,70524.0,174489.0,81792.0,21354.0,96241.0,435410.0,95040.0,807.0,28226.0,81874.0,577605.0,43493.0,979122.0,700004.0,1186362.0,1111217.0,472333.0,2211875.0,179938.0
2009-11-01,908562.0,1702419.0,931406.0,380204.0,28190.0,29360.0,98202.0,186460.0,55925.0,47948.0,121868.0,415816.0,103676.0,1950.0,48525.0,105900.0,569180.0,26651.0,935766.0,688415.0,1206776.0,1177279.0,499561.0,2253972.0,261276.0
2009-12-01,974931.0,1877056.0,957233.0,433533.0,111584.0,28759.0,62781.0,203976.0,118164.0,57180.0,81602.0,380399.0,133994.0,277.0,66252.0,85910.0,563475.0,24967.0,960717.0,707292.0,1233768.0,985000.0,388463.0,2319082.0,193463.0
2010-01-01,977856.0,1927035.0,896498.0,458928.0,22100.0,28738.0,36787.0,204025.0,46881.0,128826.0,318270.0,335108.0,109584.0,2297.0,61488.0,97291.0,426939.0,29016.0,968755.0,628144.0,1002183.0,1321131.0,342632.0,2371405.0,203366.0
2010-02-01,884109.0,1857039.0,748069.0,364748.0,5925.0,17452.0,32228.0,175519.0,32116.0,134028.0,189142.0,265037.0,93820.0,235.0,42623.0,82108.0,339714.0,21962.0,700307.0,537007.0,935313.0,879439.0,326491.0,2116743.0,137630.0
2010-03-01,911248.0,1710197.0,845618.0,547706.0,28130.0,16458.0,48793.0,166417.0,76997.0,128142.0,404859.0,379047.0,80481.0,1360.0,42835.0,113707.0,507589.0,38576.0,922018.0,599079.0,1161786.0,1118996.0,402825.0,2343117.0,204494.0
2010-04-01,941198.0,1691438.0,931996.0,619780.0,20182.0,22884.0,31884.0,154448.0,99246.0,21321.0,344132.0,417458.0,109555.0,354.0,29866.0,110033.0,567310.0,21883.0,960583.0,626225.0,1361843.0,1052032.0,478499.0,2443534.0,139401.0
2010-05-01,1336363.0,1686751.0,878867.0,695565.0,14341.0,15990.0,40479.0,154133.0,107794.0,8588.0,453930.0,456320.0,67217.0,847.0,23643.0,73108.0,558655.0,26166.0,990466.0,648601.0,1275074.0,1081456.0,463780.0,2556932.0,181983.0
2010-06-01,1009287.0,1623192.0,812289.0,690745.0,12470.0,26599.0,29594.0,147947.0,89142.0,16062.0,348060.0,416764.0,68940.0,0.0,22543.0,63161.0,547765.0,30406.0,856960.0,601390.0,1287078.0,1018316.0,429965.0,2478431.0,124306.0
2010-07-01,915812.0,1583235.0,799770.0,657330.0,23436.0,27146.0,49507.0,135753.0,95232.0,9348.0,195072.0,387973.0,82204.0,2282.0,24305.0,59654.0,467072.0,25002.0,915741.0,625365.0,1258539.0,883911.0,399280.0,2391591.0,189327.0
2010-08-01,921118.0,1614077.0,767503.0,642177.0,22443.0,18181.0,34682.0,164172.0,65970.0,9841.0,334177.0,374414.0,61765.0,494.0,9076.0,63440.0,389256.0,23632.0,985561.0,575198.0,1126446.0,806056.0,402601.0,2373904.0,176482.0
2010-09-01,867872.0,1567504.0,759780.0,645400.0,12174.0,23409.0,30973.0,144671.0,69749.0,6794.0,321861.0,336234.0,73598.0,1106.0,13756.0,50970.0,379085.0,29488.0,939448.0,501786.0,937971.0,939901.0,309015.0,2357257.0,151933.0
2010-10-01,942040.0,1694188.0,849404.0,801427.0,19922.0,22978.0,35238.0,157882.0,86794.0,23256.0,277992.0,480624.0,72588.0,2081.0,25039.0,41481.0,493489.0,18654.0,897406.0,734393.0,1198596.0,1096969.0,459266.0,2664157.0,172819.0
2010-11-01,989431.0,1871805.0,840509.0,768161.0,28834.0,21175.0,64749.0,183441.0,98218.0,60357.0,340563.0,496135.0,98430.0,929.0,61085.0,39584.0,479804.0,27699.0,1158226.0,790876.0,1250274.0,945329.0,452832.0,2540613.0,184441.0
2010-12-01,934866.0,1842485.0,782404.0,908369.0,25939.0,21071.0,31422.0,186903.0,97123.0,77259.0,454467.0,356530.0,66751.0,0.0,89645.0,48968.0,464512.0,25907.0,960906.0,707977.0,1317293.0,891867.0,395110.0,2551276.0,179184.0
2011-01-01,1004600.0,1917810.0,758636.0,676629.0,43793.0,22717.0,58910.0,206458.0,75159.0,234546.0,527207.0,313162.0,66077.0,654.0,109720.0,54297.0,323867.0,32389.0,1269025.0,607972.0,977383.0,842172.0,368752.0,2421459.0,141458.0
2011-02-01,837870.0,1450767.0,667325.0,724820.0,27274.0,23498.0,50616.0,151811.0,50309.0,219788.0,373433.0,265059.0,66022.0,0.0,37247.0,54035.0,286770.0,21783.0,834456.0,535703.0,973540.0,807584.0,348038.0,2252485.0,88728.0
2011-03-01,1141621.0,1948331.0,914365.0,745631.0,43010.0,34505.0,49315.0,176507.0,49376.0,145498.0,502887.0,398982.0,76554.0,920.0,45195.0,52355.0,520342.0,19485.0,1253271.0,698179.0,1357716.0,967192.0,466157.0,2772826.0,180881.0
2011-04-01,1025207.0,1944982.0,816210.0,838700.0,28126.0,26335.0,60925.0,155949.0,78043.0,107430.0,572973.0,437980.0,71980.0,253.0,29143.0,52289.0,510025.0,23132.0,1075445.0,678551.0,1195626.0,769960.0,424124.0,2737424.0,105765.0
2011-05-01,945416.0,2187837.0,786425.0,771614.0,36081.0,21467.0,30855.0,170038.0,118755.0,128768.0,743756.0,420592.0,86162.0,177.0,30130.0,53768.0,511567.0,22823.0,1233896.0,698294.0,1289304.0,679336.0,410138.0,2522304.0,152366.0
2011-06-01,998012.0,1788910.0,770051.0,1057249.0,23162.0,26119.0,58340.0,148215.0,83975.0,180188.0,685941.0,405821.0,64290.0,2768.0,30339.0,58290.0,482144.0,19326.0,988295.0,682051.0,1303362.0,756938.0,389199.0,2506730.0,124012.0
2011-07-01,1094637.0,1835888.0,808768.0,808018.0,32570.0,23778.0,48823.0,169213.0,114495.0,47384.0,514773.0,332718.0,60318.0,1132.0,18537.0,61967.0,448896.0,18210.0,918812.0,633551.0,1175063.0,849932.0,368853.0,2669625.0,183244.0
2011-08-01,1098672.0,1596730.0,776063.0,871740.0,44119.0,33982.0,72482.0,167782.0,80309.0,156492.0,413571.0,350339.0,53910.0,449.0,14863.0,62433.0,470590.0,34176.0,1041914.0,591754.0,1258751.0,1122570.0,392628.0,2422702.0,277866.0
2011-09-01,1031014.0,2043183.0,719937.0,629414.0,33732.0,19848.0,39500.0,145078.0,67502.0,11579.0,563774.0,335223.0,82821.0,1623.0,17687.0,41852.0,388160.0,14109.0,820584.0,501673.0,1150942.0,828529.0,324728.0,2384472.0,276002.0
2011-10-01,1208115.0,2366082.0,885025.0,829752.0,37597.0,28904.0,52171.0,181716.0,137124.0,147945.0,563065.0,411823.0,77517.0,1449.0,45319.0,55539.0,556872.0,22141.0,981979.0,673759.0,1381189.0,810987.0,462812.0,2711400.0,286644.0
2011-11-01,1158389.0,1951561.0,782607.0,889672.0,40153.0,26937.0,64975.0,181871.0,111147.0,179444.0,582640.0,398543.0,56457.0,566.0,84563.0,63453.0,477412.0,18774.0,1096391.0,566686.0,1372174.0,749919.0,435047.0,2620873.0,280244.0
2011-12-01,1277887.0,2083386.0,846802.0,781802.0,39843.0,21390.0,94919.0,201594.0,102854.0,203874.0,465151.0,452217.0,70378.0,282.0,101616.0,66293.0,514526.0,23927.0,1126813.0,613109.0,1280434.0,824170.0,362095.0,2581185.0,254964.0
2012-01-01,1220023.0,2187008.0,782412.0,617735.0,67537.0,26715.0,121442.0,199520.0,122957.0,202485.0,504863.0,296865.0,70168.0,955.0,94559.0,45819.0,368491.0,22839.0,1014743.0,538807.0,1209934.0,816643.0,376321.0,2546412.0,233437.0
2012-02-01,1107446.0,1755462.0,825257.0,537270.0,33929.0,28905.0,101560.0,173627.0,97966.0,211517.0,369556.0,314988.0,68454.0,0.0,40015.0,44829.0,349673.0,21394.0,797274.0,578510.0,1059489.0,996863.0,321704.0,2345091.0,284591.0
2012-03-01,1125777.0,1906637.0,844503.0,635026.0,23836.0,26488.0,118629.0,191878.0,97518.0,163976.0,416818.0,418342.0,76397.0,0.0,26795.0,41082.0,442469.0,10666.0,1044065.0,609423.0,1295271.0,816534.0,386776.0,2715897.0,253013.0
2012-04-01,1163987.0,1747774.0,854535.0,804813.0,32195.0,17905.0,132352.0,163573.0,107442.0,142670.0,399578.0,407196.0,68052.0,0.0,24907.0,47820.0,499442.0,20711.0,934589.0,600085.0,1508902.0,732434.0,363381.0,2870062.0,276903.0
2012-05-01,1166901.0,1706187.0,898501.0,918060.0,53121.0,23663.0,129121.0,183783.0,89200.0,126324.0,472138.0,443558.0,71969.0,177.0,29144.0,57457.0,475284.0,21105.0,1004875.0,639121.0,1292481.0,934280.0,403782.0,2726238.0,295484.0
2012-06-01,1177725.0,1775078.0,864624.0,821522.0,16631.0,25837.0,227277.0,198083.0,87903.0,153564.0,385129.0,451125.0,72520.0,624.0,36460.0,58363.0,450378.0,13259.0,997935.0,593522.0,1291894.0,816459.0,390454.0,2668589.0,335520.0
2012-07-01,1103067.0,2125585.0,807330.0,710246.0,9526.0,29684.0,179484.0,190052.0,71241.0,152348.0,349757.0,375285.0,77192.0,1778.0,23597.0,52110.0,385053.0,16139.0,922089.0,604485.0,1266356.0,815159.0,346442.0,2844361.0,353850.0
2012-08-01,921387.0,1714077.0,661845.0,522746.0,6848.0,22252.0,154441.0,173193.0,92230.0,219523.0,195830.0,378169.0,78469.0,769.0,17419.0,52625.0,297099.0,15029.0,853756.0,575451.0,1169790.0,708137.0,233619.0,2449770.0,350277.0
2012-09-01,1039969.0,1848686.0,639052.0,543008.0,10765.0,28603.0,136894.0,187286.0,94343.0,175716.0,172174.0,276483.0,85237.0,1104.0,18612.0,65302.0,383740.0,18443.0,934103.0,525466.0,1185944.0,749029.0,281575.0,2499122.0,402839.0
2012-10-01,1170230.0,2068116.0,736549.0,573219.0,6774.0,23887.0,149536.0,238659.0,79768.0,231509.0,290747.0,381947.0,73625.0,47.0,44414.0,53453.0,368507.0,14996.0,1055224.0,718158.0,1234964.0,767193.0,317011.0,2453508.0,536807.0
2012-11-01,1108728.0,1856854.0,747960.0,601215.0,6530.0,23195.0,174784.0,217256.0,70697.0,252881.0,268286.0,332723.0,80926.0,709.0,68190.0,70192.0,380219.0,17064.0,951115.0,763658.0,1441378.0,747802.0,311446.0,2701631.0,388225.0
2012-12-01,1045641.0,2164480.0,700369.0,574773.0,7298.0,22430.0,137269.0,238284.0,54794.0,262414.0,214478.0,391566.0,85640.0,396.0,80425.0,47748.0,368203.0,12952.0,964747.0,755931.0,1380189.0,873974.0,266355.0,2482207.0,226450.0
2013-01-01,967543.0,2041941.0,614584.0,605926.0,9831.0,32777.0,64314.0,242545.0,19242.0,273897.0,433841.0,338290.0,94834.0,369.0,87899.0,53841.0,287349.0,17430.0,1131210.0,652802.0,1162261.0,852044.0,291087.0,2462583.0,569665.0
2013-02-01,888726.0,1950734.0,650730.0,536486.0,7643.0,21915.0,125965.0,201503.0,18324.0,235034.0,293333.0,276125.0,90193.0,1196.0,52930.0,87607.0,192069.0,16206.0,979374.0,601085.0,1060200.0,687703.0,257308.0,2203329.0,417729.0
2013-03-01,1040070.0,2028281.0,731859.0,769930.0,2728.0,30429.0,161095.0,223851.0,30969.0,219703.0,431125.0,405541.0,92626.0,82.0,41070.0,99651.0,370765.0,23202.0,1212339.0,680325.0,1328190.0,807212.0,316699.0,2518034.0,672173.0
2013-04-01,897961.0,2071805.0,684009.0,860014.0,3815.0,28306.0,149449.0,204019.0,28801.0,162394.0,305022.0,431979.0,82325.0,0.0,28913.0,124082.0,385191.0,15963.0,1213687.0,633687.0,1400147.0,729859.0,453376.0,2471420.0,404270.0
2013-05-01,999070.0,1866633.0,792304.0,788633.0,5519.0,18441.0,203967.0,211947.0,36228.0,162680.0,322509.0,456707.0,72876.0,354.0,30852.0,106205.0,458810.0,21147.0,1295368.0,711679.0,1380444.0,743175.0,392116.0,2628759.0,324654.0
2013-06-01,898382.0,1931574.0,713585.0,837333.0,7655.0,23840.0,190324.0,169948.0,44025.0,143942.0,514897.0,450397.0,80693.0,1711.0,34130.0,106572.0,417627.0,21755.0,1128084.0,686755.0,1348259.0,859651.0,469966.0,2503035.0,337099.0
2013-07-01,933942.0,1765907.0,632523.0,899540.0,8670.0,23208.0,187977.0,189666.0,24034.0,167877.0,449029.0,370666.0,79431.0,930.0,20923.0,95865.0,378643.0,16787.0,1139450.0,680547.0,1366996.0,883795.0,418197.0,2633855.0,234704.0
2013-08-01,1032166.0,2018806.0,685708.0,846718.0,5583.0,26312.0,167312.0,186588.0,16241.0,229083.0,263514.0,386391.0,96137.0,637.0,15513.0,92812.0,355242.0,14042.0,1162364.0,625612.0,1294853.0,817100.0,428965.0,2547917.0,249601.0
2013-09-01,883796.0,1744879.0,626433.0,762450.0,4257.0,23012.0,175669.0,158837.0,25937.0,181182.0,389847.0,393569.0,76418.0,673.0,20343.0,66522.0,352304.0,19343.0,1079902.0,607041.0,1257899.0,833957.0,422868.0,2315163.0,324826.0
2013-10-01,989787.0,1711960.0,650020.0,961797.0,8571.0,24126.0,212331.0,176780.0,30250.0,187464.0,187208.0,384451.0,85288.0,755.0,32178.0,69115.0,347450.0,13972.0,1097936.0,689945.0,1342560.0,788364.0,491312.0,2539365.0,361786.0
2013-11-01,1065799.0,1934367.0,639443.0,879941.0,4985.0,24160.0,235655.0,193965.0,36754.0,223647.0,244011.0,452318.0,106484.0,452.0,61907.0,69668.0,447487.0,6884.0,1050214.0,697492.0,1510237.0,798071.0,443126.0,2576559.0,318110.0
2013-12-01,965809.0,2080742.0,672368.0,806633.0,25684.0,39392.0,204290.0,198943.0,31996.0,267867.0,250277.0,440249.0,75972.0,725.0,88298.0,75025.0,424622.0,16333.0,1216932.0,637902.0,1421127.0,909638.0,422953.0,2563391.0,368682.0
2014-01-01,996257.0,2000800.0,669753.0,979460.0,8111.0,25044.0,176190.0,213094.0,32647.0,274738.0,338376.0,376323.0,100972.0,388.0,93585.0,78553.0,341567.0,15181.0,1297443.0,549781.0,1433215.0,922260.0,367216.0,2604906.0,331809.0
2014-02-01,792032.0,1588481.0,591376.0,792563.0,15399.0,27224.0,60182.0,156900.0,17351.0,224538.0,447612.0,312787.0,88226.0,777.0,48562.0,56670.0,316074.0,10092.0,1136665.0,468876.0,1093761.0,752105.0,273847.0,2193147.0,330704.0
2014-03-01,1047956.0,1901469.0,726745.0,1019914.0,15437.0,32703.0,114517.0,190844.0,36166.0,205296.0,228201.0,426489.0,83163.0,0.0,42820.0,62846.0,388739.0,15749.0,1312675.0,589149.0,1483714.0,1154686.0,376426.0,2512424.0,387520.0
2014-04-01,938503.0,1738627.0,716392.0,944305.0,16789.0,26122.0,179974.0,183869.0,52866.0,178627.0,380387.0,402051.0,87740.0,265.0,39763.0,74697.0,447159.0,11604.0,1347290.0,552967.0,1548175.0,782548.0,375918.0,2653505.0,280411.0
2014-05-01,912450.0,1777151.0,665639.0,981004.0,16805.0,33292.0,162699.0,243080.0,42294.0,185947.0,439175.0,456120.0,108270.0,414.0,33361.0,89324.0,468961.0,12284.0,1206411.0,612028.0,1330771.0,701489.0,366928.0,2546962.0,259061.0
2014-06-01,946187.0,2004867.0,601729.0,974983.0,10982.0,10906.0,147832.0,248520.0,42032.0,247681.0,393683.0,435765.0,49659.0,1074.0,37401.0,94663.0,408881.0,11825.0,1288503.0,578031.0,1496171.0,798621.0,376311.0,2455532.0,291750.0
2014-07-01,916697.0,1778662.0,655635.0,1001314.0,12937.0,16130.0,132187.0,245020.0,36377.0,92657.0,355720.0,436670.0,61269.0,531.0,32450.0,95789.0,408317.0,17126.0,1288897.0,570516.0,1325082.0,896220.0,323278.0,2479147.0,224890.0
2014-08-01,915829.0,1501620.0,600937.0,920207.0,10352.0,20698.0,123299.0,249632.0,25076.0,159241.0,230877.0,395229.0,81578.0,3065.0,32178.0,89833.0,350632.0,13676.0,1248826.0,495707.0,1411226.0,776549.0,311927.0,2433664.0,134315.0
2014-09-01,840523.0,1481573.0,618011.0,807508.0,12405.0,13468.0,162464.0,255102.0,19294.0,196765.0,267368.0,408405.0,73379.0,625.0,26915.0,82853.0,337441.0,16654.0,1153048.0,462841.0,1244574.0,761889.0,342248.0,2274899.0,142152.0
2014-10-01,926114.0,1815709.0,686897.0,923908.0,15584.0,18654.0,205756.0,311605.0,14947.0,226194.0,269314.0,448623.0,76934.0,868.0,45614.0,96756.0,436205.0,12673.0,1622149.0,570256.0,1382122.0,727227.0,334528.0,2712791.0,154209.0
2014-11-01,956652.0,1683717.0,676855.0,1011561.0,29841.0,20431.0,190161.0,282474.0,30474.0,233730.0,309203.0,466543.0,93836.0,516.0,63205.0,110050.0,461923.0,7791.0,1402342.0,617448.0,1640295.0,753024.0,399299.0,2600320.0,313497.0
2014-12-01,1039567.0,1737329.0,619013.0,829308.0,30473.0,19824.0,117628.0,329251.0,33020.0,232653.0,319040.0,417882.0,119989.0,442.0,82282.0,107979.0,402448.0,11009.0,1078708.0,622889.0,1480877.0,681117.0,331373.0,2493887.0,173233.0
2015-01-01,1092898.0,1809669.0,639382.0,953480.0,29673.0,28254.0,99349.0,344346.0,22044.0,251069.0,511658.0,372010.0,147147.0,195.0,85619.0,118145.0,394115.0,12195.0,1125701.0,615792.0,1320018.0,791988.0,297918.0,2526894.0,276225.0
2015-02-01,950854.0,1608283.0,535543.0,816140.0,25317.0,24008.0,93557.0,317629.0,22839.0,244475.0,429961.0,282970.0,96857.0,795.0,69344.0,104315.0,318380.0,9474.0,888435.0,560522.0,1364281.0,655024.0,260033.0,2260133.0,232270.0
2015-03-01,994229.0,1625434.0,610281.0,909953.0,13657.0,24270.0,136907.0,392078.0,19615.0,216205.0,483621.0,436387.0,100834.0,782.0,67351.0,173965.0,392450.0,4681.0,1102358.0,658948.0,1498272.0,772063.0,311714.0,2586570.0,166322.0
2015-04-01,1029026.0,1650511.0,577099.0,937591.0,17554.0,26836.0,159474.0,380815.0,24740.0,193788.0,603344.0,409282.0,105201.0,182.0,54788.0,164973.0,443536.0,9351.0,1229325.0,658184.0,1399594.0,796607.0,367191.0,2263570.0,322075.0
2015-05-01,932208.0,1729660.0,660636.0,894555.0,11476.0,22579.0,214853.0,324457.0,26035.0,167449.0,489934.0,494511.0,109553.0,1000.0,42370.0,145565.0,528784.0,54571.0,1414490.0,620426.0,1431394.0,677389.0,310643.0,2660516.0,264827.0
2015-06-01,926500.0,1588265.0,710055.0,1099335.0,10445.0,27742.0,202241.0,336479.0,21842.0,182881.0,477683.0,424515.0,91343.0,396.0,49227.0,150216.0,511053.0,10465.0,1326640.0,641895.0,1561087.0,764482.0,285707.0,2414219.0,233975.0
2015-07-01,927344.0,1515826.0,659414.0,1095340.0,14282.0,16383.0,203380.0,312997.0,20640.0,120707.0,579232.0,389758.0,81425.0,512.0,25759.0,94487.0,475585.0,19167.0,1355799.0,608122.0,1495020.0,785987.0,258116.0,2544495.0,293121.0
2015-08-01,880976.0,1628568.0,765634.0,1013950.0,18299.0,22999.0,200627.0,353046.0,27756.0,206162.0,398712.0,421509.0,89934.0,785.0,39230.0,102833.0,470343.0,7159.0,1267114.0,607228.0,1401420.0,891069.0,249761.0,2641608.0,189000.0
2015-09-01,982957.0,1492815.0,705005.0,1002751.0,26334.0,18128.0,184074.0,334425.0,19865.0,201295.0,484913.0,432240.0,98010.0,1648.0,31783.0,85349.0,507374.0,12584.0,1368194.0,649646.0,1464979.0,721598.0,302427.0,2666071.0,227138.0
2015-10-01,1051546.0,1698212.0,750385.0,1200100.0,41702.0,20347.0,218890.0,357862.0,18691.0,236287.0,704064.0,462528.0,119942.0,65.0,62460.0,118029.0,573655.0,15012.0,1292332.0,782754.0,1653824.0,758856.0,295154.0,2679284.0,410623.0
2015-11-01,1047249.0,1939724.0,738405.0,934199.0,45590.0,21457.0,230071.0,315305.0,21869.0,222655.0,425807.0,405876.0,133109.0,396.0,78486.0,100235.0,514686.0,17504.0,1453259.0,729938.0,1359932.0,737548.0,295690.0,3040765.0,325889.0
2015-12-01,1147219.0,1812069.0,720561.0,1083331.0,24968.0,23507.0,149807.0,395364.0,23509.0,345380.0,652840.0,422683.0,178011.0,354.0,107924.0,114510.0,513423.0,16262.0,1549919.0,736873.0,1613770.0,887509.0,280205.0,2793052.0,460223.0
2016-01-01,1088043.0,1897513.0,613602.0,1021165.0,11921.0,21381.0,227368.0,915521.0,22196.0,249053.0,578596.0,382374.0,146643.0,372.0,106039.0,138607.0,456607.0,16689.0,1306762.0,771608.0,1439756.0,909440.0,227445.0,2629068.0,438658.0
2016-02-01,898859.0,1788678.0,582024.0,1029608.0,11066.0,19009.0,155089.0,801001.0,9955.0,162356.0,310815.0,360275.0,115913.0,928.0,75931.0,93025.0,357838.0,12752.0,1147531.0,659671.0,1454369.0,818323.0,253281.0,2501378.0,344540.0
2016-03-01,1090568.0,2019804.0,772642.0,1069895.0,16113.0,15808.0,213020.0,941297.0,26043.0,285751.0,525578.0,435383.0,131444.0,954.0,69940.0,85014.0,474019.0,10568.0,1538722.0,813202.0,1519534.0,869417.0,311957.0,2778137.0,524274.0
2016-04-01,1033091.0,1864527.0,745174.0,916152.0,11191.0,20659.0,195846.0,880046.0,26556.0,235695.0,545983.0,459897.0,114414.0,337.0,71936.0,88737.0,544122.0,12792.0,1389465.0,680794.0,1581895.0,770123.0,317147.0,2771295.0,458805.0
2016-05-01,1070943.0,1847881.0,745133.0,921157.0,8466.0,10589.0,252314.0,900687.0,19482.0,241654.0,472963.0,466141.0,118509.0,950.0,51238.0,76892.0,536138.0,7174.0,1304333.0,660441.0,1613151.0,725552.0,269985.0,2734872.0,636418.0
2016-06-01,1096016.0,1813255.0,660718.0,894730.0,9398.0,14738.0,254622.0,838693.0,21098.0,254523.0,474532.0,452595.0,102292.0,1271.0,58537.0,133945.0,551719.0,5326.0,1461210.0,642120.0,1671595.0,981935.0,305130.0,2769278.0,472128.0
2016-07-01,1071968.0,1862868.0,704355.0,853302.0,9498.0,8767.0,215704.0,891366.0,20765.0,228336.0,301677.0,436155.0,112252.0,0.0,63202.0,72006.0,544168.0,6027.0,1519555.0,595830.0,1600980.0,814609.0,291473.0,2785385.0,619736.0
2016-08-01,1026360.0,1760546.0,650120.0,1010722.0,10736.0,16893.0,139659.0,976001.0,28298.0,266229.0,307574.0,424262.0,117273.0,319.0,71290.0,95198.0,540225.0,16459.0,1441610.0,545128.0,1569321.0,786685.0,255626.0,2747797.0,383805.0
2016-09-01,942377.0,1761024.0,609139.0,1018359.0,10810.0,19047.0,137980.0,853906.0,15259.0,87177.0,251630.0,423100.0,117836.0,849.0,61579.0,75291.0,494767.0,9084.0,1318403.0,470411.0,1572820.0,914702.0,245542.0,2502790.0,250887.0
2016-10-01,1036140.0,1901051.0,743455.0,944304.0,11318.0,15977.0,267616.0,954350.0,30698.0,248783.0,401124.0,458551.0,104752.0,5199.0,76824.0,105952.0,657078.0,6809.0,1299712.0,601392.0,1703613.0,912413.0,286640.0,2852578.0,407557.0
2016-11-01,1131382.0,1871632.0,695488.0,918610.0,7504.0,20755.0,181362.0,1041910.0,37542.0,292894.0,436488.0,479671.0,151452.0,2453.0,94563.0,118807.0,605145.0,8601.0,1486655.0,545874.0,1847296.0,934578.0,301365.0,2612708.0,326951.0
2016-12-01,1175426.0,1857930.0,664488.0,856186.0,7654.0,15151.0,207009.0,1107194.0,25851.0,272668.0,405902.0,475570.0,134865.0,1573.0,113671.0,143468.0,615960.0,11365.0,1518369.0,580859.0,1620737.0,810725.0,322176.0,2665927.0,348659.0
2017-01-01,4675033.0,2206176.0,579446.0,1173514.0,8261.0,20399.0,156122.0,1049805.0,13900.0,267124.0,382438.0,451390.0,149570.0,0.0,126338.0,123641.0,579639.0,11056.0,1562802.0,607935.0,1720655.0,983917.0,402963.0,3319508.0,307749.0
2017-02-01,1560933.0,1904888.0,452274.0,1343193.0,3420.0,17673.0,114569.0,953852.0,10897.0,210804.0,370073.0,405585.0,119802.0,4785.0,105368.0,139445.0,488976.0,9235.0,1582989.0,482730.0,1624626.0,871273.0,320789.0,3550532.0,311012.0
2017-03-01,1142075.0,1940607.0,521926.0,968288.0,5386.0,17720.0,164396.0,1162849.0,24800.0,220101.0,402951.0,526803.0,144337.0,2449.0,101228.0,173967.0,629307.0,18469.0,1408989.0,530872.0,1843088.0,798574.0,281674.0,2719859.0,204670.0
2017-04-01,1060088.0,1774447.0,441267.0,1045576.0,8205.0,17753.0,168788.0,1034495.0,20548.0,227234.0,389117.0,483622.0,129416.0,3207.0,91558.0,133822.0,618517.0,12129.0,1331953.0,520177.0,1725058.0,859889.0,349100.0,2691572.0,223788.0
2017-05-01,1087594.0,1868834.0,517037.0,1039990.0,4558.0,17706.0,151234.0,1116013.0,28682.0,263176.0,459512.0,512934.0,127655.0,2405.0,78352.0,158316.0,657826.0,21388.0,1304190.0,555769.0,1898710.0,833873.0,314253.0,2811439.0,229057.0
2017-06-01,1128090.0,1886563.0,627381.0,1045434.0,3620.0,13398.0,138894.0,990428.0,20987.0,231758.0,316775.0,529510.0,104550.0,9875.0,68979.0,91270.0,660554.0,13168.0,1366285.0,539186.0,1831893.0,856922.0,313650.0,2884135.0,137963.0
2017-07-01,1101518.0,1878781.0,723004.0,925579.0,8039.0,18719.0,117951.0,1035101.0,24039.0,253456.0,363577.0,458118.0,143985.0,1670.0,57332.0,113287.0,583734.0,25297.0,1272139.0,474408.0,1659181.0,872352.0,263895.0,2784944.0,74580.0
2017-08-01,1074069.0,1874334.0,642910.0,1009798.0,7630.0,19196.0,111013.0,1124524.0,23575.0,272570.0,258554.0,443826.0,148500.0,6708.0,70929.0,84392.0,497851.0,18805.0,1355616.0,460602.0,1703480.0,898078.0,286406.0,2856822.0,56031.0
2017-09-01,923280.0,1710210.0,623872.0,1012503.0,5190.0,22128.0,43888.0,1078018.0,28130.0,230450.0,259505.0,497086.0,97070.0,13425.0,54062.0,109750.0,598856.0,16562.0,1388913.0,420801.0,1716588.0,706063.0,262507.0,2751315.0,61340.0
2017-10-01,864583.0,1678044.0,577854.0,958019.0,4988.0,25412.0,70451.0,988493.0,18690.0,242403.0,310360.0,395008.0,115194.0,15153.0,59390.0,91539.0,517260.0,24205.0,1228631.0,374471.0,1783862.0,923711.0,223124.0,2698654.0,78982.0
2017-11-01,1044886.0,1976930.0,651738.0,1283150.0,6086.0,32714.0,72513.0,1093867.0,32385.0,247057.0,314052.0,525861.0,157250.0,10586.0,97427.0,82840.0,622132.0,11087.0,1264525.0,502811.0,1890720.0,851971.0,291862.0,2918075.0,78473.0
2017-12-01,1040632.0,1887318.0,711720.0,995741.0,8194.0,33481.0,126893.0,1142616.0,33303.0,262063.0,326684.0,501510.0,130961.0,354.0,122170.0,108381.0,651893.0,18499.0,1340675.0,507453.0,1875310.0,909396.0,246908.0,2761371.0,91183.0
2018-01-01,939825.0,1859856.0,599370.0,869880.0,9884.0,34485.0,95697.0,1043064.0,21892.0,249226.0,301107.0,336223.0,137255.0,914.0,102028.0,98996.0,354389.0,14192.0,1362675.0,435764.0,1656793.0,844673.0,226870.0,2644171.0,106234.0
2018-02-01,825047.0,1577035.0,543128.0,811302.0,3327.0,26113.0,68899.0,1128004.0,11421.0,233218.0,184265.0,310926.0,126600.0,138.0,85389.0,96181.0,427521.0,10494.0,1102301.0,334825.0,1318844.0,799084.0,208016.0,2455903.0,50743.0
2018-03-01,923469.0,1708271.0,648521.0,947392.0,3505.0,30452.0,92724.0,1342860.0,19723.0,199446.0,281959.0,389166.0,128405.0,0.0,69811.0,97330.0,558301.0,13475.0,1430409.0,418780.0,1668605.0,779795.0,232159.0,2849763.0,62803.0
2018-04-01,970523.0,1819707.0,698062.0,956257.0,4124.0,32850.0,112271.0,1294449.0,37261.0,196784.0,227729.0,500001.0,107239.0,1786.0,69503.0,105276.0,435992.0,12652.0,1443196.0,427258.0,1823166.0,799888.0,297050.0,3121384.0,87124.0
2018-05-01,995440.0,1828766.0,604264.0,880551.0,3659.0,25964.0,97510.0,1292081.0,29172.0,211668.0,288621.0,506629.0,103171.0,822.0,61421.0,84278.0,351430.0,13483.0,1482655.0,407257.0,1865678.0,909243.0,265751.0,3010766.0,65973.0
2018-06-01,924320.0,1622444.0,661253.0,872719.0,3570.0,28311.0,102852.0,1197586.0,25654.0,73151.0,301859.0,479782.0,106400.0,1008.0,49193.0,74038.0,404459.0,11241.0,1328201.0,402405.0,1574098.0,731983.0,231933.0,2815113.0,64070.0
2018-07-01,951472.0,1635873.0,571142.0,958411.0,6130.0,21029.0,90047.0,1203897.0,28240.0,89372.0,316009.0,413445.0,119270.0,7621.0,48700.0,84693.0,381989.0,15038.0,1282757.0,330166.0,1778389.0,747062.0,289183.0,3074989.0,55724.0
2018-08-01,948903.0,1629360.0,599699.0,908652.0,4492.0,27479.0,78376.0,1254748.0,26637.0,100401.0,259202.0,359830.0,125590.0,6984.0,55934.0,99479.0,438240.0,19201.0,1330157.0,307067.0,1549922.0,804925.0,301077.0,2643878.0,62104.0
2018-09-01,903814.0,1571814.0,681289.0,833923.0,6979.0,27570.0,51912.0,1160776.0,26144.0,92476.0,340709.0,399634.0,85703.0,26245.0,51414.0,64222.0,412203.0,15318.0,1174391.0,318207.0,1682674.0,730086.0,246225.0,2753829.0,53880.0
2018-10-01,946503.0,1582576.0,734640.0,874198.0,4396.0,20377.0,79686.0,1322509.0,32859.0,109619.0,290982.0,422773.0,95245.0,21905.0,62458.0,84381.0,448289.0,13653.0,1358483.0,365148.0,1697771.0,690421.0,332745.0,2855029.0,65999.0
2018-11-01,979465.0,1811473.0,710809.0,939400.0,3424.0,23186.0,94034.0,1321364.0,37015.0,202520.0,249490.0,456885.0,119854.0,22013.0,75877.0,55587.0,505676.0,12874.0,1408181.0,405624.0,1914920.0,817756.0,333473.0,2832954.0,112765.0
2018-12-01,930860.0,1706054.0,637618.0,771641.0,4339.0,20133.0,57862.0,1347578.0,32590.0,235833.0,288125.0,458805.0,146149.0,25638.0,82197.0,24896.0,497806.0,12708.0,1266268.0,397641.0,1534681.0,790117.0,324813.0,2736941.0,101446.0
2019-01-01,1451955.0,1820090.0,623162.0,1033436.0,7495.0,21144.0,76645.0,1500557.0,30997.0,285577.0,324985.0,372876.0,116417.0,21219.0,98217.0,27884.0,507658.0,18383.0,1286589.0,367038.0,1632777.0,891847.0,289337.0,2878085.0,155946.0
2019-02-01,805700.0,1584960.0,580770.0,861814.0,6135.0,23358.0,53440.0,1132499.0,21357.0,222211.0,204726.0,296345.0,106480.0,31286.0,53618.0,29774.0,432490.0,16547.0,1157724.0,322724.0,1471432.0,734416.0,276581.0,2485645.0,187455.0
2019-03-01,867586.0,1695873.0,603639.0,699352.0,3966.0,15534.0,70610.0,1285533.0,42375.0,365690.0,363063.0,421531.0,106816.0,29000.0,55006.0,20444.0,543859.0,9914.0,1330869.0,350431.0,1557182.0,793001.0,306751.0,2531015.0,162674.0
2019-04-01,918931.0,1583445.0,615714.0,706697.0,3901.0,9124.0,68369.0,1209246.0,30245.0,130104.0,330941.0,350859.0,106327.0,24277.0,58354.0,31931.0,584045.0,5817.0,1352992.0,397686.0,1771957.0,806701.0,333227.0,2782296.0,162449.0
2019-05-01,879351.0,1715467.0,679101.0,939762.0,2880.0,10799.0,100144.0,1224713.0,48405.0,225617.0,588820.0,476274.0,89162.0,23395.0,53149.0,71094.0,556260.0,7308.0,1368944.0,361862.0,1740767.0,795351.0,361635.0,3183869.0,249222.0
2019-06-01,881938.0,1573230.0,670260.0,917326.0,1658.0,14568.0,73600.0,1174249.0,30662.0,266191.0,505403.0,454741.0,88718.0,52410.0,67277.0,57393.0,599216.0,9339.0,1347189.0,379093.0,1822506.0,725192.0,311152.0,3063115.0,305781.0
2019-07-01,859274.0,1621448.0,614699.0,938476.0,7028.0,20244.0,58052.0,1236397.0,29478.0,269986.0,427880.0,424582.0,82196.0,54819.0,56829.0,54865.0,545849.0,4758.0,1346777.0,344149.0,1560157.0,838492.0,295368.0,2752981.0,246687.0
2019-08-01,884704.0,1666392.0,666374.0,1014295.0,5057.0,15930.0,76753.0,1438707.0,29508.0,304104.0,267879.0,384434.0,109898.0,44513.0,54455.0,57940.0,527199.0,9104.0,1370229.0,365780.0,1617580.0,848759.0,312359.0,3078891.0,83900.0
2019-09-01,767196.0,1535792.0,575593.0,751845.0,5123.0,22293.0,52758.0,1126959.0,13812.0,266251.0,329449.0,299920.0,73945.0,32804.0,49314.0,60158.0,459408.0,11410.0,1077496.0,283342.0,1578817.0,724342.0,255730.0,2588221.0,143507.0
2019-10-01,955990.0,1879209.0,623535.0,993476.0,4902.0,3969.0,63181.0,1379585.0,30989.0,288601.0,448044.0,413599.0,118186.0,38285.0,67777.0,41170.0,546478.0,11005.0,1317417.0,375920.0,1846557.0,920002.0,312178.0,2759664.0,379646.0
2019-11-01,965422.0,1739560.0,665640.0,868560.0,5132.0,21438.0,63121.0,1324278.0,31817.0,206715.0,380930.0,441499.0,148130.0,45587.0,83491.0,40731.0,640260.0,11407.0,1939672.0,393660.0,1789881.0,763384.0,362048.0,2894929.0,412262.0
2019-12-01,989031.0,1920947.0,638789.0,867058.0,8926.0,18442.0,42855.0,1410385.0,30992.0,322784.0,246204.0,461765.0,149055.0,32359.0,85471.0,57593.0,663211.0,11012.0,1362746.0,433006.0,1608075.0,955324.0,352191.0,2834951.0,330423.0
2020-01-01,999041.0,1866352.0,519979.0,920915.0,6093.0,16305.0,36107.0,1358571.0,17254.0,338697.0,328817.0,281039.0,153559.0,27455.0,68240.0,101926.0,384986.0,11601.0,1448995.0,351636.0,1362187.0,1051048.0,293533.0,2772207.0,283114.0
2020-02-01,1007539.0,1890385.0,666266.0,908685.0,4951.0,22765.0,46154.0,1136334.0,29041.0,260374.0,420510.0,386459.0,192354.0,29439.0,56989.0,87025.0,470552.0,8157.0,1443147.0,388104.0,1436879.0,822553.0,316756.0,2546173.0,459210.0
2020-03-01,1052304.0,1616274.0,671496.0,999142.0,4675.0,11743.0,59763.0,1217273.0,30668.0,253595.0,354124.0,402858.0,201869.0,55525.0,56142.0,113060.0,590294.0,5310.0,1493910.0,308348.0,1473765.0,840522.0,321535.0,2889210.0,387591.0
2020-04-01,1039035.0,1906546.0,539222.0,870896.0,4780.0,6734.0,53402.0,1169729.0,27589.0,49278.0,353812.0,461557.0,176117.0,66370.0,48826.0,92658.0,600478.0,7340.0,1467576.0,382787.0,1353156.0,662495.0,347200.0,2476884.0,329347.0
2020-05-01,1025096.0,2023747.0,596727.0,944941.0,7811.0,12562.0,44853.0,1175270.0,32664.0,247936.0,272161.0,402370.0,214374.0,41394.0,35885.0,53731.0,559761.0,9457.0,1362862.0,342766.0,1546771.0,946775.0,343086.0,2488413.0,259083.0
2020-06-01,1037144.0,1658235.0,531341.0,839790.0,5058.0,12902.0,67280.0,1090750.0,25352.0,255459.0,323963.0,404042.0,160253.0,85781.0,39338.0,41748.0,572759.0,6216.0,1425073.0,315904.0,1441493.0,978767.0,275098.0,2356831.0,126380.0
2020-07-01,1029348.0,2034632.0,652581.0,936047.0,6992.0,13072.0,67743.0,1219680.0,35614.0,29633.0,321101.0,446760.0,138905.0,63772.0,39270.0,74351.0,557801.0,13004.0,1316515.0,343315.0,1626050.0,805442.0,324404.0,2602097.0,125112.0
2020-08-01,900410.0,1606759.0,594546.0,897918.0,4722.0,10356.0,31737.0,1338665.0,21722.0,37367.0,260212.0,378520.0,140194.0,33167.0,52095.0,38533.0,403702.0,9177.0,1395293.0,318052.0,1538252.0,737245.0,265163.0,2484440.0,91562.0
2020-09-01,968913.0,1445911.0,602711.0,916111.0,5352.0,19852.0,31066.0,1200212.0,14538.0,19988.0,355176.0,372078.0,175088.0,34277.0,55279.0,20945.0,455740.0,13114.0,1231000.0,303379.0,1397256.0,715008.0,278541.0,2508991.0,113878.0
2020-10-01,1076598.0,1679769.0,631465.0,1057107.0,6066.0,16130.0,33777.0,1353693.0,32814.0,29457.0,302411.0,476490.0,152445.0,80449.0,59375.0,21237.0,640427.0,17111.0,1287889.0,370881.0,1719428.0,773849.0,313234.0,2671837.0,74274.0
2020-11-01,1207083.0,1652784.0,676353.0,1009355.0,5475.0,9019.0,60864.0,1387482.0,30648.0,32254.0,339460.0,435009.0,169637.0,51577.0,76826.0,29859.0,656381.0,8234.0,1682030.0,409744.0,1629944.0,834695.0,321654.0,2752075.0,66511.0
2020-12-01,1096497.0,1910143.0,760192.0,880442.0,5555.0,8736.0,86002.0,1462861.0,26251.0,66214.0,285401.0,393064.0,172991.0,19391.0,90460.0,61279.0,548494.0,8568.0,1437018.0,493670.0,1558022.0,878500.0,297657.0,2897462.0,102393.0
2021-01-01,1016051.0,1612619.0,586629.0,965938.0,4930.0,15235.0,69319.0,1344706.0,11830.0,55322.0,326623.0,306385.0,180687.0,13893.0,65023.0,62243.0,510333.0,59798.0,1293216.0,392474.0,1376431.0,917432.0,288654.0,2550582.0,112759.0
2021-02-01,866937.0,1431280.0,534166.0,943395.0,5085.0,16984.0,37973.0,1187945.0,28882.0,36364.0,215848.0,304178.0,157633.0,29785.0,41124.0,37800.0,433039.0,66267.0,1033486.0,330343.0,1382886.0,772738.0,283207.0,2273451.0,47986.0
2021-03-01,1064879.0,1618372.0,705629.0,1102339.0,6628.0,7715.0,71732.0,1490476.0,20018.0,47991.0,240364.0,393950.0,179448.0,10369.0,66111.0,54284.0,526700.0,63803.0,1374128.0,348597.0,1604792.0,903895.0,305611.0,2656667.0,102436.0
2021-04-01,1159403.0,1605106.0,640761.0,886258.0,2088.0,6873.0,77716.0,1432456.0,25720.0,29115.0,256330.0,401048.0,147243.0,14017.0,42827.0,57360.0,609466.0,115328.0,1355491.0,390316.0,1694358.0,946234.0,320239.0,2607886.0,95384.0
2021-05-01,1100806.0,1743011.0,641408.0,1007926.0,3890.0,9051.0,71088.0,1364281.0,29577.0,29779.0,255981.0,468260.0,161258.0,11450.0,35367.0,79085.0,680811.0,169524.0,1475134.0,429754.0,1754093.0,852682.0,342919.0,2729276.0,103207.0
2021-06-01,1035698.0,1706416.0,710364.0,991049.0,4811.0,10577.0,87213.0,1364401.0,33095.0,20149.0,205006.0,468450.0,163964.0,7290.0,44971.0,63268.0,566883.0,133092.0,1464679.0,389157.0,1709802.0,995485.0,312035.0,2722171.0,100606.0
2021-07-01,1025284.0,1787428.0,718289.0,1005616.0,5660.0,10040.0,74859.0,1447619.0,28339.0,23531.0,199530.0,462618.0,173029.0,4196.0,37195.0,74790.0,627789.0,257724.0,1572663.0,418089.0,1572339.0,1074888.0,320159.0,2757490.0,110566.0
2021-08-01,993288.0,1704360.0,667279.0,1081132.0,4421.0,8388.0,75698.0,1417127.0,26079.0,31608.0,182042.0,430298.0,205130.0,91.0,33391.0,28773.0,514000.0,159508.0,1279271.0,405930.0,1681525.0,915597.0,342172.0,2735419.0,98905.0
2021-09-01,1032938.0,1703647.0,689731.0,932274.0,7180.0,15642.0,71389.0,1246597.0,15284.0,20842.0,230979.0,380987.0,179768.0,1155.0,32886.0,33670.0,524545.0,213935.0,1082817.0,396725.0,1367947.0,1004828.0,319518.0,2500827.0,61065.0
2021-10-01,1082318.0,1866193.0,738210.0,1032295.0,5426.0,10538.0,93872.0,1526141.0,29051.0,34473.0,284469.0,433128.0,235356.0,590.0,53732.0,41705.0,601037.0,211700.0,1399405.0,418451.0,1618947.0,934953.0,362593.0,2820696.0,117308.0
2021-11-01,1058591.0,1831351.0,777211.0,857977.0,4757.0,16692.0,93926.0,1500446.0,36414.0,47627.0,320480.0,448205.0,223546.0,241.0,57615.0,53755.0,625896.0,80483.0,1451306.0,464859.0,1618447.0,852626.0,350205.0,2767657.0,85820.0
2021-12-01,1166976.0,2009889.0,771508.0,1102434.0,4689.0,15113.0,101061.0,1537899.0,38545.0,70307.0,377509.0,427560.0,246623.0,7143.0,80653.0,43187.0,681945.0,130287.0,1322633.0,465192.0,1634164.0,939165.0,338735.0,3220627.0,106883.0
2022-01-01,1183381.0,2097544.0,742347.0,1104725.0,6676.0,20495.0,76169.0,1754168.0,21322.0,397309.0,299678.0,421527.0,269848.0,7171.0,77669.0,70192.0,523045.0,171361.0,1577101.0,504008.0,1475618.0,1230096.0,327850.0,2759587.0,118527.0
2022-02-01,956747.0,1754637.0,613961.0,977773.0,5486.0,14076.0,35835.0,1403039.0,30785.0,284797.0,321167.0,357278.0,211272.0,13400.0,51194.0,58502.0,519099.0,228896.0,1348903.0,399451.0,1283754.0,966377.0,277646.0,2304362.0,73941.0
2022-03-01,1159055.0,1923674.0,721720.0,1107397.0,4222.0,15467.0,67063.0,1487240.0,19302.0,231953.0,400885.0,403342.0,230138.0,25870.0,50651.0,62794.0,625172.0,145437.0,1332290.0,459839.0,1458801.0,1098344.0,313747.0,2733593.0,87828.0
2022-04-01,1021566.0,1835755.0,723377.0,1003653.0,3350.0,11036.0,77900.0,1471484.0,29785.0,29055.0,274689.0,415863.0,198140.0,39399.0,53953.0,61052.0,671911.0,212695.0,1507143.0,395316.0,1462018.0,1031104.0,300509.0,2695840.0,94471.0
2022-05-01,1134427.0,2075814.0,740960.0,1104208.0,3057.0,9238.0,80759.0,1530138.0,33765.0,132100.0,305057.0,512939.0,187572.0,599.0,32805.0,119077.0,667860.0,110944.0,1557043.0,445274.0,1584569.0,1034375.0,415174.0,2961652.0,111814.0
2022-06-01,1072874.0,1801621.0,716162.0,996912.0,3721.0,7208.0,63115.0,1508523.0,39027.0,278935.0,344332.0,430389.0,180502.0,414.0,39982.0,55525.0,579326.0,30306.0,1443886.0,373489.0,1433901.0,854120.0,305049.0,2476995.0,92282.0
2022-07-01,1255524.0,1900316.0,683661.0,977572.0,2131.0,11293.0,93005.0,1606063.0,25625.0,341814.0,191889.0,424841.0,212154.0,65.0,27016.0,68161.0,691630.0,200890.0,1666887.0,482605.0,1548393.0,1289492.0,299027.0,2806182.0,136690.0
2022-08-01,1140887.0,1934026.0,624915.0,975865.0,3872.0,15818.0,44570.0,1860801.0,31543.0,404290.0,245978.0,412695.0,198911.0,1.0,44048.0,80934.0,600528.0,388179.0,1993835.0,483681.0,1617827.0,973457.0,304865.0,2663651.0,86583.0
2022-09-01,902155.0,1687912.0,477855.0,975791.0,4777.0,9919.0,32419.0,1410388.0,18075.0,248549.0,250282.0,342022.0,197587.0,511.0,37669.0,42118.0,485096.0,319567.0,1699281.0,322351.0,1316871.0,1010506.0,270146.0,2599820.0,131018.0
2022-10-01,1220523.0,2041850.0,683339.0,804477.0,2090.0,10993.0,59141.0,1680884.0,41800.0,348360.0,425830.0,466015.0,199417.0,3799.0,45094.0,45914.0,676782.0,227176.0,1506014.0,462379.0,1573891.0,996660.0,324268.0,2816559.0,151482.0
2022-11-01,1125296.0,1853716.0,685174.0,856348.0,3369.0,11218.0,55458.0,1584854.0,31429.0,300306.0,355086.0,478566.0,198581.0,10485.0,32809.0,26635.0,671099.0,130057.0,1433784.0,415984.0,1581994.0,925073.0,297050.0,2754486.0,204903.0
2022-12-01,1093054.0,2111173.0,579442.0,922106.0,4101.0,11322.0,39946.0,1790135.0,31405.0,297592.0,322208.0,413436.0,272479.0,598.0,71277.0,38469.0,548243.0,168357.0,1514556.0,437102.0,1537342.0,987060.0,312212.0,2776308.0,164222.0
2023-01-01,1106974.0,1955722.0,598698.0,849462.0,3585.0,9714.0,59506.0,1676577.0,27822.0,341973.0,346540.0,411256.0,233336.0,354.0,37839.0,42495.0,620595.0,284193.0,1343026.0,471242.0,1488417.0,1028967.0,279276.0,2787992.0,184749.0
2023-02-01,928545.0,1863867.0,575679.0,793109.0,2886.0,9968.0,43151.0,1540069.0,25317.0,289383.0,138771.0,391316.0,202485.0,12194.0,64298.0,27406.0,575775.0,89615.0,1360933.0,412151.0,1300458.0,1011183.0,272124.0,2386857.0,114214.0
